,Group,Sample_ID_Prefix,Basin_Code,Stream_code,GMU,Basin,Creek,Genetic.Year,Descriptor,N,Watterson.s.theta..4Nu.,Tajima.s.theta..4Nu.,Theta.deviation,Mean.theta,Het.Ho,He.HoStDev,X..hybrid,Hyb.Notes,PVA.Extinction,PVA.Ext.L95,PVA.Ext.U95,PVA.Abundance.2.5,PVA.Abundance.50,PVA.Abund.Year,X,Y,geometry,
1,bamlist2_SFH_2BO_2016,SFH_2BO_2016,SFH,str_2BO,Eastern,East Fork Humboldt,2nd Boulder,2016,isolated,15,0.000234105,0.000185294,-0.232764591,0.000209699,NA,NA,3.56,"1 individual 57%, rest <0.000001",21.80%,19.70%,26.20%,5,23,2013,-115.1458963,40.9052427,c(-115.145896343602, 40.9052427008407)
2,bamlist2_SFH_4BO_2016,SFH_4BO_2016,SFH,str_4BO,Eastern,East Fork Humboldt,4th Boulder,2016,isolated,12,0.000308298,0.000246398,-0.22318495,0.000277348,NA,NA,0.15,"all very low, some <0.000001; sorted with Carson",5.60%,4.00%,7.60%,787,1369,2013,-115.1795112,40.95355523,c(-115.179511217992, 40.9535552284344)
3,bamlist2_EFH_NFC_2012,EFH_NFC_2012,EFH,str_NFC,Eastern,East Fork Humboldt,North Fork Cold,2012,"isolated, low abund",18,0.00019566,0.000214948,0.093948943,0.000205304,0.021888035,0.005191934,0,,13.60%,12.10%,15.10%,522,1002,2012,-115.3321025,40.74734007,c(-115.332102507804, 40.7473400712516)
4,bamlist2_SFL_SEC_2010,SFL_SEC_2010,SFL,str_GRP,Eastern,Little Humboldt,SFLH Tributaries,2010,"One pop in PVA, sporadically connected",30,0.000259842,0.00026002,0.000687603,0.000259931,NA,NA,0.04,,7.50%,5.50%,9.50%,5153,10033,2010,-116.8690729,41.2587439,c(-116.86907287082, 41.2587438958059)
5,bamlist2_MAG_BEA_2009,MAG_BEA_2009,MAG,str_BEA,Eastern,Maggie,Beaver,2009,sporadically connected,12,0.000302816,0.000257268,-0.162645538,0.000280042,0.039389582,0.01920719,1.26,,1.80%,1.20%,2.70%,4509,7626,2009,-116.1936486,41.0845122,c(-116.193648617216, 41.0845121966313)
6,bamlist2_MAG_BEA_2015,MAG_BEA_2015,MAG,str_BEA,Eastern,Maggie,Beaver,2015,sporadically connected,20,0.00026752,0.00023159,-0.143974079,0.000249555,0.049088057,0.022830869,0.07,,1.80%,1.20%,2.70%,1286,3166,2015,-116.1936486,41.0845122,c(-116.193648617216, 41.0845121966313)
7,bamlist2_MAG_COY_2009,MAG_COY_2009,MAG,str_COY,Eastern,Maggie,Coyote,2009,sporadically connected,14,0.000301354,0.000268997,-0.113461616,0.000285176,0.060453492,0.044562852,0.21,,3.40%,2.60%,3.90%,1318,2028,2009,-116.2566779,41.04419272,c(-116.256677876399, 41.0441927209923)
8,bamlist2_MAG_COY_2015,MAG_COY_2015,MAG,str_COY,Eastern,Maggie,Coyote,2015,sporadically connected,18,0.000292795,0.000261004,-0.11481026,0.0002769,0.044210836,0.014912281,0.08,,3.40%,2.60%,3.90%,1108,2214,2015,-116.2566779,41.04419272,c(-116.256677876399, 41.0441927209923)
9,bamlist2_MAG_LJK_2009,MAG_LJK_2009,MAG,str_LJK,Eastern,Maggie,Little Jack,2009,sporadically connected,13,0.000338154,0.000246397,-0.313938181,0.000292276,0.054374153,0.020871689,0.18,,5.10%,3.90%,6.40%,258,359,2009,-115.5377513,40.60644704,c(-115.537751277951, 40.6064470420336)
10,bamlist2_MAG_LJK_2015,MAG_LJK_2015,MAG,str_LJK,Eastern,Maggie,Little Jack,2015,sporadically connected,16,0.000329331,0.000150745,-0.743992397,0.000240038,0.079640852,0.053962848,0.21,,5.10%,3.90%,6.40%,707,1437,2015,-115.5377513,40.60644704,c(-115.537751277951, 40.6064470420336)
11,bamlist2_MAR_MAE_2016,MAR_MAE_2016,MAR,str_MAE,Eastern,Marys,Marys River Basin,2016,sporadically connected,5,0.00037321,0.000359675,-0.036935865,0.000366443,0.046014006,0.011069211,0.1,,0.30%,0.10%,0.40%,3185,8316,2002,-115.3688248,41.70420746,c(-115.368824802936, 41.7042074643263)
12,bamlist2_MAR_HAN_2012,MAR_HAN_2012,MAR,str_HAN,Eastern,Marys,Hanks,2012,isolated,22,0.000399195,0.00024137,-0.492769403,0.000320283,0.058762403,0.029870258,0.08,,76.90%,75.20%,78.60%,0,7,2006,-115.3335442,41.45533676,c(-115.33354417681, 41.4553367555508)
13,bamlist2_MAR_MAR_2017,MAR_MAR_2017,MAR,str_MAR,Eastern,Marys,Mainstem,2017,sporadically connected,23,0.000297237,0.000267485,-0.105369503,0.000282361,0.036823697,0.010259262,0.04,,0.30%,0.10%,0.40%,3185,8316,2002,-115.2559699,41.52649433,c(-115.25596994766, 41.5264943259888)
14,bamlist2_MAR_MRB_2016,MAR_MRB_2016,MAR,str_MRB,Eastern,Marys,Basin ,2016,sporadically connected,7,0.000471299,0.000362243,-0.261668427,0.000416771,0.041456756,0.016957793,0.23,,0.30%,0.10%,0.40%,3185,8316,2002,-115.3916516,41.67899518,c(-115.391651583059, 41.678995180797)
15,bamlist2_MAR_TCR_2002,MAR_TCR_2002,MAR,str_TCR,Eastern,Marys,T,2002,isolated,9,0.000318183,0.000246419,-0.254210788,0.000282301,0.041446452,0.028918759,0.11,,0.10%,0.10%,0.20%,1960,4029,2002,-115.3371501,41.66103451,c(-115.33715012917, 41.6610345100437)
16,bamlist2_MAR_TCR_2017,MAR_TCR_2017,MAR,str_TCR,Eastern,Marys,T,2017,isolated,18,0.000229999,0.000255821,0.106302923,0.00024291,0.036608166,0.013079519,0.06,,0.10%,0.10%,0.20%,1130.975,3627,2010,-115.3371501,41.66103451,c(-115.33715012917, 41.6610345100437)
17,bamlist2_MAR_MAU_2016,MAR_MAU_2016,MAR,str_MAU,Eastern,Marys,Unnamed,2016,sporadically connected,4,0.000478376,0.000453488,-0.053416535,0.000465932,NA,NA,0.3,,0.30%,0.10%,0.40%,3185,8316,2002,-115.405154,41.67613009,c(-115.405153965052, 41.6761300921381)
18,bamlist2_MAR_WMR_2000,MAR_WMR_2000,MAR,str_WMR,Eastern,Marys,West Marys,2000,isolated,2,0.000144184,0.000141075,-0.021797914,0.000142629,0.035500264,0.005254401,0,,3.00%,2.10%,5.10%,831,1545,2000,-115.4139266,41.73321908,c(-115.413926620115, 41.7332190839861)
19,bamlist2_MAR_WMR_2016,MAR_WMR_2016,MAR,str_WMR,Eastern,Marys,West Marys,2016,isolated,5,0.000278563,0.00030318,0.084632636,0.000290871,0.036545668,0.023954843,0.04,,3.00%,2.10%,5.10%,38,231,2004,-115.4139266,41.73321908,c(-115.413926620115, 41.7332190839861)
20,bamlist2_MAR_WIC_2000,MAR_WIC_2000,MAR,str_WIC,Eastern,Marys,Wildcat,2000,isolated,19,0.000185812,0.000218126,0.159994365,0.000201969,0.039461642,0.012994334,0,,42.70%,40.80%,44.60%,674,1130,2000,-115.2440416,41.63593471,c(-115.244041577319, 41.6359347055589)
21,bamlist2_MAR_WIC_2017,MAR_WIC_2017,MAR,str_WIC,Eastern,Marys,Wildcat,2017,isolated,20,0.000292698,0.000264695,-0.100477379,0.000278696,0.03758029,0.01268193,0.08,,42.70%,40.80%,44.60%,0,37,2010,-115.2440416,41.63593471,c(-115.244041577319, 41.6359347055589)
22,bamlist2_NFH_FOR_1997,NFH_FOR_1997,NFH,str_FOR,Eastern,North Fork Humboldt,Foreman,1997,isolated,8,0.000377137,0.000281456,-0.290562398,0.000329296,0.131587463,0.131659307,0.24,,4.00%,3.50%,5.10%,1173,1823,1997,-115.9592545,41.47686923,c(-115.95925449701, 41.4768692281715)
23,bamlist2_NFH_FOR_2017,NFH_FOR_2017,NFH,str_FOR,Eastern,North Fork Humboldt,Foreman,2017,isolated,19,0.000365161,0.000242998,-0.40174806,0.000304079,0.094900984,0.048469414,0.21,,4.00%,3.50%,5.10%,260,569,2009,-115.9592545,41.47686923,c(-115.95925449701, 41.4768692281715)
24,bamlist2_NFH_GAN_2000,NFH_GAN_2000,NFH,str_GAN,Eastern,North Fork Humboldt,Gance,2000,isolated,6,0.000243027,0.000216677,-0.114642064,0.000229852,NA,NA,0.01,,2.60%,2.10%,3.50%,888,2011,2000,-115.9681452,41.30265536,c(-115.968145247892, 41.3026553550882)
25,bamlist2_NFH_GAN_2017,NFH_GAN_2017,NFH,str_GAN,Eastern,North Fork Humboldt,Gance,2017,isolated,19,0.000396836,0.000299174,-0.280631494,0.000348005,NA,NA,0.08,,2.60%,2.10%,3.50%,1428,2791,2007,-115.9681452,41.30265536,c(-115.968145247892, 41.3026553550882)
26,bamlist2_REE_CRA_2009,REE_CRA_2009,REE,str_CRA,Eastern,Reese,Crane Canyon,2009,isolated,21,8.30E-05,5.85E-05,-0.345378262,7.08E-05,NA,NA,0,,5.40%,4.00%,6.60%,106,250,2009,-117.3389554,38.96314159,c(-117.338955395604, 38.9631415868501)
27,bamlist2_REE_MRV_2016,REE_MRV_2016,REE,str_MRV,Eastern,Reese,Marysville,2016,isolated,5,0.000184132,0.000177768,-0.035167517,0.00018095,NA,NA,0.05,,21.10%,19.00%,22.70%,21,67,1999,-117.2952065,39.01798636,c(-117.295206511049, 39.0179863558443)
28,bamlist2_REE_MHK_2000,REE_MHK_2000,REE,str_MHK,Eastern,Reese,Mohawk,2000,isolated,21,0.000118345,9.47E-05,-0.222184602,0.000106512,NA,NA,0.02,,0.20%,0.00%,0.40%,1024,1553,2000,-117.319441,38.98969004,c(-117.319440996502, 38.9896900422459)
29,bamlist2_REE_MHK_2016,REE_MHK_2016,REE,str_MHK,Eastern,Reese,Mohawk,2016,isolated,5,0.000109086,9.08E-05,-0.183422257,9.99E-05,NA,NA,0.03,,0.20%,0.00%,0.40%,568,1146,2007,-117.319441,38.98969004,c(-117.319440996502, 38.9896900422459)
30,bamlist2_REE_TNY_2001,REE_TNY_2001,REE,str_TNY,Eastern,Reese,Tierney,2001,isolated,16,0.00027384,0.000199311,-0.315033832,0.000236575,NA,NA,0,,72.50%,71.10%,74.10%,199,436,2001,-117.2969378,39.06732765,c(-117.296937765821, 39.0673276540892)
31,bamlist2_REE_TNY_2012,REE_TNY_2012,REE,str_TNY,Eastern,Reese,Tierney,2012,isolated,3,0.000151822,0.000149626,-0.014568505,0.000150724,NA,NA,0,,72.50%,71.10%,74.10%,0,0,2011,-117.2969378,39.06732765,c(-117.296937765821, 39.0673276540892)
32,bamlist2_ROC_FRZ_1997,ROC_FRZ_1997,ROC,str_FRZ,Eastern,Rock,Frazier,1997,isolated,6,0.000184542,0.000195015,0.055186793,0.000189779,NA,NA,0.04,,24.20%,20.90%,26.80%,3145,4930,1997,-116.7197216,41.28507722,c(-116.719721597555, 41.285077224242)
33,bamlist2_ROC_FRZ_2000,ROC_FRZ_2000,ROC,str_FRZ,Eastern,Rock,Frazier,2000,isolated,6,0.000235789,0.000202896,-0.149964495,0.000219343,NA,NA,0,,24.20%,20.90%,26.80%,1711,2984,2000,-116.7197216,41.28507722,c(-116.719721597555, 41.285077224242)
34,bamlist2_ROC_FRZ_2017,ROC_FRZ_2017,ROC,str_FRZ,Eastern,Rock,Frazier,2017,isolated,20,0.000175182,0.000193675,0.100272904,0.000184429,NA,NA,0,,24.20%,20.90%,26.80%,74,213,2015,-116.7197216,41.28507722,c(-116.719721597555, 41.285077224242)
35,bamlist2_ROC_ROC_2009,ROC_ROC_2009,ROC,str_ROC,Eastern,Rock,Rock,2009,isolated,14,0.000300371,0.000258105,-0.151362805,0.000279238,NA,NA,0,,8.80%,7.60%,10.40%,284,508,2009,-116.3544157,41.35066131,c(-116.354415721242, 41.3506613103067)
36,bamlist2_ROC_ROC_2017,ROC_ROC_2017,ROC,str_ROC,Eastern,Rock,Rock,2017,isolated,8,0.00023486,0.000222985,-0.051870341,0.000228923,NA,NA,0.02,,8.80%,7.60%,10.40%,148,315,2012,-116.3544157,41.35066131,c(-116.354415721242, 41.3506613103067)
37,bamlist2_ROC_TOJ_2017,ROC_TOJ_2017,ROC,str_TOJ,Eastern,Rock,Toe Jam,2017,isolated,20,0.000212834,0.000249156,0.157242037,0.000230995,NA,NA,0.02,,5.10%,3.50%,6.10%,685,1295,2017,-116.391313,41.32159653,c(-116.39131304891, 41.321596533669)
38,bamlist2_ROC_WLN_2009,ROC_WLN_2009,ROC,str_WLN,Eastern,Rock,Willow-Nelson,2009,isolated,20,0.00026854,0.000271218,0.009923472,0.000269879,NA,NA,0.08,,5.70%,4.50%,6.70%,1254,2235,2009,-116.452509,41.25930017,c(-116.452508989739, 41.2593001687703)
39,bamlist2_ROC_WLN_2017,ROC_WLN_2017,ROC,str_WLN,Eastern,Rock,Willow-Nelson,2017,isolated,10,0.00020816,0.000235067,0.121412988,0.000221614,NA,NA,0,,5.70%,4.50%,6.70%,188,448,2015,-116.452509,41.25930017,c(-116.452508989739, 41.2593001687703)
40,bamlist2_SFH_DIX_2011,SFH_DIX_2011,SFH,str_DIX,Eastern,South Fork Humboldt,Dixie,2011,isolated,6,0.000224727,0.000209255,-0.071299927,0.000216991,NA,NA,0,,33.70%,30.60%,35.20%,277,625,2011,-115.9376568,40.42232813,c(-115.937656848597, 40.4223281259426)
41,bamlist2_SFH_DIX_2014,SFH_DIX_2014,SFH,str_DIX,Eastern,South Fork Humboldt,Dixie,2014,isolated,3,0.00016517,0.000195566,0.168518885,0.000180368,NA,NA,0,,33.70%,30.60%,35.20%,82,242,2014,-115.9376568,40.42232813,c(-115.937656848597, 40.4223281259426)
42,bamlist2_SFH_LEE_2016,SFH_LEE_2016,SFH,str_LEE,Eastern,South Fork Humboldt,Lee,2016,isolated,12,0.000352552,0.000222788,-0.451087458,0.00028767,NA,NA,0.61,,12.50%,11.60%,13.70%,214,705,1998,-115.5377513,40.60644704,c(-115.537751277951, 40.6064470420336)
43,bamlist2_SFH_LNG_2012,SFH_LNG_2012,SFH,str_LNG,Eastern,South Fork Humboldt,Long Canyon,2012,isolated,5,0.000224161,0.000235518,0.049416373,0.00022984,NA,NA,0,,2.10%,1.30%,2.60%,345,972,2012,-115.4486192,40.52561367,c(-115.448619212509, 40.5256136733147)
44,bamlist2_SFH_NFG_2009,SFH_NFG_2009,SFH,str_NFG,Eastern,South Fork Humboldt,North Fork Green,2009,isolated,8,0.000139915,0.000144463,0.031989094,0.000142189,NA,NA,0,,18.70%,17.80%,19.30%,0,25,2001,-115.5419132,40.36544808,c(-115.54191317235, 40.3654480803071)
45,bamlist2_SFH_PEC_2018,SFH_PEC_2018,SFH,str_PEC,Eastern,South Fork Humboldt,Pearl,2018,isolated,19,0.000336798,0.000270334,-0.218945316,0.000303566,NA,NA,0.1,,5.70%,4.70%,6.60%,651,1272,2006,-115.5997433,40.28788495,c(-115.599743286309, 40.2878849525341)
46,bamlist2_QUI_CMC_2016,QUI_CMC_2016,QUI,str_CMC,NorthWestern,Black Rock,Colman,2016,isolated,18,0.000265238,0.000160939,-0.489465356,0.000213088,NA,NA,0.04,,5.60%,5.10%,7.60%,521,1144,2008,-118.989298,41.45084482,c(-118.989298012757, 41.4508448241299)
47,bamlist2_SUM_MOH_2013,SUM_MOH_2013,SUM,str_MOH,NorthWestern,Black Rock,Mahogany,2013,isolated,15,0.000422848,0.000334986,-0.231877241,0.000378917,NA,NA,0.62,,NA,NA,NA,NA,NA,NA,-118.9949053,41.53179079,c(-118.994905334274, 41.5317907906299)
48,bamlist2_WWH_WHO_2011,WWH_WHO_2011,WWH,str_WHO,NorthWestern,Coyote Lake,Whitehorse,2011,isolated,9,0.000294639,0.000151784,-0.639998743,0.000223211,NA,NA,0.03,,8.10%,7.30%,9.40%,10485,21251,2011,-118.1971596,42.0988868,c(-118.197159572213, 42.0988867955368)
49,bamlist2_WWH_WIL_1996,WWH_WIL_1996,WWH,str_WIL,NorthWestern,Coyote Lake,Willow ,1996,isolated,8,0.000310583,0.000178872,-0.538196626,0.000244727,NA,NA,0.03,,2.30%,1.90%,2.70%,120,1004,2004,-118.2268435,42.11118205,c(-118.226843545255, 42.1111820458194)
50,bamlist2_LHU_ABE_2016,LHU_ABE_2016,LHU,str_ABE,NorthWestern,Little Humboldt,Abel,2016,isolated,19,0.00033113,0.000153789,-0.731424482,0.00024246,0.037600217,0.018077531,0.16,,7.00%,5.60%,8.30%,35,112,2012,-117.6812062,41.44340473,c(-117.681206239119, 41.4434047257985)
51,bamlist2_LHU_INC_2000,LHU_INK_2000,LHU,str_INK,NorthWestern,Little Humboldt,Indian SF,2000,isolated,4,0.000170198,0.000171188,0.005800076,0.000170693,0.051919787,0.022927842,0.12,,9.40%,7.80%,10.80%,1245,2212,2000,-117.5808782,41.64567416,c(-117.580878194645, 41.6456741594788)
52,bamlist2_LHU_INC_2013,LHU_INK_2013,LHU,str_INK,NorthWestern,Little Humboldt,Indian SF,2013,isolated,2,0.000149642,0.000166227,0.105011994,0.000157934,0.037484946,0.000354831,0.08,,9.40%,7.80%,10.80%,1105,2032,2012,-117.5808782,41.64567416,c(-117.580878194645, 41.6456741594788)
53,bamlist2_LHU_INC_2016,LHU_INK_2016,LHU,str_INK,NorthWestern,Little Humboldt,Indian SF,2016,isolated,2,0.00012473,0.000120306,-0.03610195,0.000122518,0.019821769,0.007234956,0,,9.40%,7.80%,10.80%,1105,2032,2012,-117.5808782,41.64567416,c(-117.580878194645, 41.6456741594788)
54,bamlist2_QUI_LON_2011,QUI_LON_2011,QUI,str_LON,NorthWestern,Little Humboldt,Long Canyon,2011,isolated,14,0.000218207,0.000210137,-0.037677726,0.000214172,NA,NA,0.21,,NA,NA,NA,NA,NA,NA,-117.4749724,41.84084764,c(-117.474972397072, 41.8408476425076)
55,bamlist2_QUI_LON_2016,QUI_LON_2016,QUI,str_LON,NorthWestern,Little Humboldt,Long Canyon,2016,isolated,3,0.000342454,0.00032192,-0.061813759,0.000332187,NA,NA,1.03,,NA,NA,NA,NA,NA,NA,-117.4749724,41.84084764,c(-117.474972397072, 41.8408476425076)
56,bamlist2_QUI_AND_2016,QUI_AND_2016,QUI,str_AND,NorthWestern,Quinn,Andorno,2016,isolated,7,0.000210279,0.000173813,-0.189876936,0.000192046,NA,NA,0,,18.90%,17.70%,20.20%,47,164,2007,-117.7413266,41.4404839,c(-117.741326554637, 41.4404839030254)
57,bamlist2_QUI_BAT_2013,QUI_NFB_2013,QUI,str_NFB,NorthWestern,Quinn,North Fork Battle,2013,isolated,8,0.000139273,0.000145337,0.042616919,0.000142305,NA,NA,0.03,,NA,NA,NA,NA,NA,NA,-118.9321662,41.42771647,c(-118.932166216152, 41.4277164731209)
58,bamlist2_QUI_NFB_2016,QUI_NFB_2016,QUI,str_NFB,NorthWestern,Quinn,North Fork Battle,2016,isolated,7,0.000193586,0.000165811,-0.154564646,0.000179698,NA,NA,0,,NA,NA,NA,NA,NA,NA,-118.9321662,41.42771647,c(-118.932166216152, 41.4277164731209)
59,bamlist2_MCD_CCC_2017,MCD_CCC_2017,MCD,str_CCC,NorthWestern,Quinn,Corral Canyon,2017,isolated,10,0.000288291,0.000195293,-0.384617417,0.000241792,0.036520041,0.025205491,0.3,,NA,NA,NA,NA,NA,NA,-118.168164,41.98103961,c(-118.168164042799, 41.981039605044)
60,bamlist2_QUI_FCC_2017,QUI_FCC_2017,QUI,str_FCC,NorthWestern,Quinn,Falls Canyon,2017,isolated,11,0.00066848,0.000565845,-0.166301298,0.000617162,NA,NA,2.56,,NA,NA,NA,NA,NA,NA,-117.727084,41.4985465,c(-117.727083956195, 41.4985465019718)
61,bamlist2_QUI_JCC_2017,QUI_JCC_2017,QUI,str_JCC,NorthWestern,Quinn,Jackson,2017,isolated,15,0.000469433,0.000545428,0.149763842,0.00050743,NA,NA,5.59,,NA,NA,NA,NA,NA,NA,-118.448305,41.30183445,c(-118.448304989987, 41.3018344509473)
62,bamlist2_MCD_LIN_2000,MCD_LIN_2000,MCD,str_LIN,NorthWestern,Quinn,Line Canyon,2000,isolated,9,0.000136176,0.000126252,-0.075638255,0.000131214,0.027960876,0.011449793,0.09,,21.10%,20.40%,23.40%,76,988,2000,-118.1597779,41.99584125,c(-118.159777894793, 41.9958412450255)
63,bamlist2_MCD_LIN_2017,MCD_LIN_2017,MCD,str_LIN,NorthWestern,Quinn,Line Canyon,2017,isolated,6,0.000546936,0.000469454,-0.15246542,0.000508195,0.073031341,0.055320947,2.47,,21.10%,20.40%,23.40%,48,134,2011,-118.1597779,41.99584125,c(-118.159777894793, 41.9958412450255)
64,bamlist2_QUI_WAC_1997,QUI_WAC_1997,QUI,str_WAC,NorthWestern,Quinn,Washburn,1997,isolated,18,0.000308345,0.000201208,-0.420513129,0.000254777,NA,NA,0.28,,14.80%,12.80%,15.90%,157,843,1997,-118.0519192,41.86712216,c(-118.051919229797, 41.8671221629539)
65,bamlist2_QUI_WAC_2016,QUI_WAC_2016,QUI,str_WAC,NorthWestern,Quinn,Washburn,2016,isolated,9,0.000203956,0.000157277,-0.258444017,0.000180616,NA,NA,0,,14.80%,12.80%,15.90%,130,319,2011,-118.0519192,41.86712216,c(-118.051919229797, 41.8671221629539)
66,bamlist2_STE_BGA_2000,STE_BGA_2000,STE,str_BGA,NorthWestern,Steens out of basin,Big Alvord,2000,Out of Basin Transplant,3,6.16E-05,6.81E-05,0.101639741,6.48E-05,NA,NA,0,,NA,NA,NA,NA,NA,NA,-118.5248716,42.63208704,c(-118.524871571882, 42.6320870357503)
67,bamlist2_STE_CWC_2000,STE_CWC_2000,STE,str_CWC,NorthWestern,Steens out of basin,Cottonwood,2000,Out of Basin Transplant,15,0.000111348,8.64E-05,-0.251864348,9.89E-05,NA,NA,0.02,,NA,NA,NA,NA,NA,NA,-118.5110032,42.65318135,c(-118.511003195239, 42.6531813464849)
68,bamlist2_STE_LTA_2000,STE_LTA_2000,STE,str_LTA,NorthWestern,Steens out of basin,Little Alvord,2000,Out of Basin Transplant,3,5.56E-05,5.48E-05,-0.01393679,5.52E-05,NA,NA,0,,NA,NA,NA,NA,NA,NA,-118.541602,42.60283862,c(-118.541601959889, 42.602838617439)
69,bamlist2_STE_MSQ_2000,STE_MSQ_2000,STE,str_MSQ,NorthWestern,Steens out of basin,Mosquito,2000,Out of Basin Transplant,4,7.35E-05,7.13E-05,-0.031151744,7.24E-05,NA,NA,0,,NA,NA,NA,NA,NA,NA,-118.5222745,42.69911241,c(-118.522274452877, 42.6991124110243)
70,bamlist2_STE_PKC_2000,STE_PKC_2000,STE,str_PKC,NorthWestern,Steens out of basin,Pike,2000,Out of Basin Transplant,2,7.43E-05,7.83E-05,0.051595615,7.63E-05,NA,NA,0,,NA,NA,NA,NA,NA,NA,-118.5314667,42.57674166,c(-118.531466729929, 42.5767416599352)
71,bamlist2_CAR_EFC_2017,CAR_EFC_2017,CAR,str_EFC,Western,Carson,East Fork Carson,2017,Out of Basin Transplant,20,0.000230544,0.000246583,0.067235118,0.000238564,NA,NA,0.05,,NA,NA,NA,NA,NA,NA,-119.6698394,38.43740227,c(-119.669839356911, 38.4374022693036)
72,bamlist2_CAR_GOC_2017,CAR_GOC_2017,CAR,str_GOC,Western,Carson,Golden Canyon,2017,Out of Basin Transplant,12,0.000297679,0.000278855,-0.065301883,0.000288267,NA,NA,0.07,,NA,NA,NA,NA,NA,NA,-119.6922036,38.46275773,c(-119.692203556008, 38.4627577309093)
73,bamlist2_CAR_MUR_2017,CAR_MUR_2017,CAR,str_MUR,Western,Carson,Murray Canyon,2017,Out of Basin Transplant,20,0.000188659,0.000198815,0.052425806,0.000193737,NA,NA,0.02,,NA,NA,NA,NA,NA,NA,-119.7007443,38.492627,c(-119.700744263504, 38.4926269971268)
74,bamlist2_CAR_POI_2017,CAR_POI_2017,CAR,str_POI,Western,Carson,Poison Flat,2017,Out of Basin Transplant,20,0.0002996,0.00023618,-0.236737546,0.00026789,NA,NA,0.12,,NA,NA,NA,NA,NA,NA,-119.6352525,38.50120172,c(-119.635252482122, 38.5012017175017)
75,bamlist2_LTR_IPL_2016,LTR_IPL_2016,LTR,str_IPL,Western,Truckee,Independence Lake,2016,Lake/Hybridized,10,0.000329689,0.000298805,-0.098278492,0.000314247,NA,NA,13.17,,NA,NA,NA,NA,NA,NA,-120.3351488,39.42656031,c(-120.335148771, 39.426560310918)
76,bamlist2_TRU_POL_2016,TRU_POL_2016,TRU,str_POL,Western,Truckee,Pole,2016,isolated,20,0.000428243,0.000310752,-0.317973056,0.000369498,NA,NA,0.24,,3.10%,2.20%,4.00%,474,852,2010,-120.2229562,39.23589187,c(-120.222956204804, 39.2358918697534)
77,bamlist2_UPT_MEI_2017,UPT_MEI_2017,UPT,str_MEI,Western,Truckee ,Meiss Meadows,2017,isolated,20,0.000315449,0.000294128,-0.069952295,0.000304788,NA,NA,0.06,,26.50%,25.50%,28.70%,5534,8333,2009,-120.0110652,38.72996021,c(-120.011065207114, 38.7299602066315)
78,bamlist2_WAL_BYD_2015,WAL_BYD_2015,WAL,str_BYD,Western,Walker,By-Day,2015,isolated - original ,58,0.000305524,0.000127714,-0.820839761,0.000216619,NA,NA,0.16,,19.00%,17.60%,20.90%,1624,2690,2009,-119.321361,38.27005807,c(-119.321360991964, 38.2700580689219)
79,bamlist2_WAL_LWF_2015,WAL_LWF_2015,WAL,str_LWF,Western,Walker,Lower Wolf,2015,isolated - founded,10,0.000442458,0.000239692,-0.59448895,0.000341075,NA,NA,0.65,,NA,NA,NA,NA,NA,NA,-119.5696011,38.3653544,c(-119.569601124941, 38.365354403684)
80,bamlist2_WAL_MIL_2015,WAL_MIL_2015,WAL,str_MIL,Western,Walker ,Mill,2015,isolated - founded,28,0.000153508,0.000115716,-0.280747351,0.000134612,NA,NA,0,,NA,NA,NA,NA,NA,NA,-119.4895041,38.46302667,c(-119.489504062223, 38.4630266726356)
81,bamlist2_WAL_MIL_2017,WAL_MIL_2017,WAL,str_MIL,Western,Walker ,Mill,2017,isolated - founded,18,0.000103361,9.85E-05,-0.048643498,0.000100907,NA,NA,0.02,,NA,NA,NA,NA,NA,NA,-119.4895041,38.46302667,c(-119.489504062223, 38.4630266726356)
82,bamlist2_WAL_MPH_2011,WAL_MPH_2011,WAL,str_MPH,Western,Walker ,Murphy,2011,isolated - founded,12,0.000149326,0.00011962,-0.220909827,0.000134473,NA,NA,0,,NA,NA,NA,NA,NA,NA,-119.2574167,38.38061082,c(-119.257416735196, 38.3806108222205)
83,bamlist2_WAL_SIL_2015,WAL_SIL_2015,WAL,str_SIL,Western,Walker ,Silver,2015,isolated - founded,7,0.000112299,9.37E-05,-0.180977569,0.000102981,NA,NA,0,,NA,NA,NA,NA,NA,NA,-119.5507462,38.37906748,c(-119.550746191507, 38.379067475138)
84,bamlist2_WAL_SLK_2015,WAL_SLK_2015,WAL,str_SLK,Western,Walker ,Slinkard,2015,isolated - founded,28,0.000239275,0.000141976,-0.510418584,0.000190626,NA,NA,0.08,,NA,NA,NA,NA,NA,NA,-119.5619846,38.58477088,c(-119.561984591576, 38.5847708768366)
85,bamlist2_WAL_UWF_2015,WAL_UWF_2015,WAL,str_UWF,Western,Walker ,Upper Wolf,2015,isolated - founded,13,0.000462157,0.000244315,-0.616703505,0.000353236,NA,NA,0.73,,NA,NA,NA,NA,NA,NA,-119.5932375,38.35602627,c(-119.593237525092, 38.356026271775)
86,bamlist2_YUB_MAC_2016,YUB_MAC_2016,YUB,str_MAC,Western,Yuba out of basin,Macklin,2016,Out of Basin Transplant,20,0.000280786,0.00025872,-0.081799936,0.000269753,NA,NA,0,,NA,NA,NA,NA,NA,NA,-120.614273,39.51150896,c(-120.614273002989, 39.5115089643847)
,,,,,,,,,,,,,,,,,,,,,,,,,,,,
,,,,,,,,,,,,,,,,,,,,,,,,,,,,
,,,,,,,,,,,,,,,,,,,,,,,,,,,,
,,,,,,,,,,,,,,,,,,,,,,,,,,,,
,,,,,,,,,,1119,,,,,,,,,,,,,,,,,,